,Corn,DOW,Gold,Oil,Twitter
2013-04-02,640.5,14572.849609,1597.750,97.23,0.12044817927170867
2013-04-03,641.5,14662.009766,1568.500,95.02,0.1638888888888889
2013-04-04,630.0,14550.349609,1545.250,93.26,0.14
2013-04-05,629.0,14606.110352000002,1552.750,92.76,0.12550607287449392
2013-04-08,633.5,14565.25,1577.250,93.36,0.044000000000000004
2013-04-09,644.25,14613.480469,1572.500,94.18,0.008
2013-04-10,649.0,14673.459961000002,1581.500,94.59,0.084
2013-04-11,651.25,14802.240234,1555.750,93.44,0.064
2013-04-12,658.5,14865.139647999998,1548.000,91.23,0.07630522088353414
2013-04-15,646.75,14865.05957,1416.000,88.75,0.1
2013-04-16,663.25,14599.200195,1378.000,88.73,0.045267489711934165
2013-04-17,660.5,14756.780272999998,1379.000,86.65,0.07400000000000001
2013-04-18,644.5,14618.589844,1397.000,87.83,0.098
2013-04-19,652.0,14537.139647999998,1414.000,88.04,0.062
2013-04-22,645.75,14547.509766,1425.000,88.81,0.10027855153203342
2013-04-23,638.5,14567.169922,1417.250,89.21,0.06989247311827956
2013-04-24,639.5,14719.459961000002,1424.500,91.07,0.07
2013-04-25,645.25,14676.299805,1446.500,93.27,0.1026694045174538
2013-04-26,644.0,14700.799805,1462.250,92.63,0.11990407673860913
2013-04-29,684.0,14712.549805,1472.500,94.09,0.1318407960199005
2013-04-30,683.25,14818.75,1472.750,93.22,0.13347022587268995
2013-05-01,681.75,14839.799805,1469.500,90.74,0.07598039215686274
2013-05-02,697.5,14700.950195,1456.000,93.70,0.10732984293193716
2013-05-03,699.5,14831.580078,1476.500,95.25,0.06784660766961652
2013-05-07,676.5,14968.889647999998,1463.000,95.28,0.02
2013-05-08,675.0,15056.200195,1454.000,96.24,0.09
2013-05-09,694.5,15105.120116999999,1469.500,96.09,0.068
2013-05-10,687.75,15082.620116999999,1449.250,95.81,0.0764872521246459
2013-05-13,718.0,15113.419922,1429.750,94.76,0.06984126984126984
2013-05-14,706.75,15091.679688,1436.500,93.96,0.14882506527415146
2013-05-15,650.75,15211.870116999999,1412.250,93.95,0.09198113207547168
2013-05-16,641.5,15273.919922,1377.000,94.85,0.023923444976076555
2013-05-17,652.75,15234.75,1376.750,95.72,0.023880597014925373
2013-05-20,649.5,15348.330078,1353.750,96.29,0.12
2013-05-21,640.0,15334.969727000002,1378.750,95.55,-0.013999999999999999
2013-05-22,658.5,15387.120116999999,1385.250,93.98,0.027999999999999997
2013-05-23,662.0,15300.570313,1386.000,94.12,0.012
2013-05-24,657.25,15290.740234,1385.250,93.84,0.14
2013-05-28,666.5,15307.330078,1379.000,94.65,0.07887323943661972
2013-05-29,665.0,15399.94043,1384.500,93.13,0.06788511749347259
2013-05-30,654.25,15306.019531,1406.250,93.57,0.0148619957537155
2013-05-31,662.0,15322.219727000002,1410.250,91.93,0.034229828850855744
2013-06-03,655.75,15123.549805,1396.750,93.41,0.09774436090225563
2013-06-04,660.5,15255.219727000002,1405.250,93.36,0.09162303664921466
2013-06-05,660.75,15168.099609,1396.500,93.66,0.13580246913580246
2013-06-06,663.25,14955.450195,1399.500,94.71,-0.02012072434607646
2013-06-07,666.25,15044.459961000002,1410.000,96.11,0.106
2013-06-10,650.0,15247.80957,1376.750,95.82,-0.002
2013-06-11,659.5,15231.379883000001,1369.500,95.50,-0.036000000000000004
2013-06-12,650.75,15130.389647999998,1377.250,95.98,0.018000000000000002
2013-06-13,643.5,14992.540038999998,1386.250,96.66,0.057999999999999996
2013-06-14,655.0,15178.080078,1379.750,97.83,0.02
2013-06-17,668.5,15078.709961000002,1386.000,97.86,0.08314606741573034
2013-06-18,673.25,15186.299805,1378.500,98.46,0.05612244897959184
2013-06-19,682.25,15315.469727000002,1366.000,98.24,0.027999999999999997
2013-06-20,673.25,15105.509766,1303.250,94.89,0.086
2013-06-21,661.75,14760.620116999999,1290.250,93.81,0.06872037914691942
2013-06-24,653.25,14795.790038999998,1283.250,95.07,0.04867256637168142
2013-06-25,656.75,14669.69043,1285.000,95.25,0.102
2013-06-26,664.5,14769.990234,1229.000,95.47,0.11199999999999999
2013-06-27,667.25,14921.280272999998,1232.000,97.00,0.07400000000000001
2013-06-28,679.25,15016.580078,1203.250,96.36,0.0945273631840796
2013-07-01,655.5,14911.599609,1243.500,97.94,0.07
2013-07-02,672.75,14974.959961000002,1260.750,99.65,0.048936170212765966
2013-07-03,678.25,14923.730469,1246.000,101.92,0.08021390374331551
2013-07-05,684.75,14995.459961000002,1232.750,103.09,0.05555555555555555
2013-07-08,691.75,15137.219727000002,1225.500,103.03,0.09734513274336284
2013-07-09,704.0,15228.459961000002,1252.000,103.46,0.06649616368286446
2013-07-10,709.75,15298.030272999998,1252.250,106.41,0.06206896551724138
2013-07-11,716.75,15298.0,1280.750,104.77,0.07
2013-07-12,701.5,15460.69043,1275.000,105.85,0.096
2013-07-15,536.25,15459.69043,1281.250,106.20,0.07352941176470587
2013-07-16,545.25,15485.030272999998,1286.000,105.88,0.048
2013-07-17,538.5,15456.919922,1284.250,106.39,0.06887755102040816
2013-07-18,541.0,15465.910156,1279.750,107.94,0.04377880184331797
2013-07-19,544.0,15524.269531,1286.000,108.00,-0.004
2013-07-22,540.75,15543.969727000002,1313.750,106.61,0.07272727272727272
2013-07-23,522.5,15547.0,1326.750,107.13,0.05226480836236934
2013-07-24,508.25,15576.69043,1340.000,105.41,0.07861635220125786
2013-07-25,496.0,15539.169922,1312.000,105.47,0.132890365448505
2013-07-26,492.0,15547.849609,1327.750,104.76,0.07749077490774907
2013-07-29,489.25,15557.139647999998,1330.750,104.61,0.10256410256410256
2013-07-30,495.5,15534.490234,1322.250,103.14,0.05105105105105105
2013-07-31,499.0,15528.570313,1331.500,105.10,0.09
2013-08-01,487.5,15503.849609,1323.750,107.93,0.07977207977207977
2013-08-02,476.0,15627.55957,1285.750,106.94,0.05647840531561463
2013-08-05,469.25,15651.980469,1311.000,106.61,0.0673758865248227
2013-08-06,472.25,15608.44043,1292.000,105.32,0.04693140794223827
2013-08-07,468.25,15516.209961000002,1275.500,104.41,0.0711864406779661
2013-08-08,473.5,15477.269531,1287.750,103.45,0.06868131868131869
2013-08-09,465.75,15496.629883000001,1305.500,106.04,0.04129793510324484
2013-08-12,472.0,15415.219727000002,1325.750,106.19,0.07202216066481995
2013-08-13,455.25,15420.679688,1334.000,106.78,0.006993006993006993
2013-08-14,464.75,15447.709961000002,1323.250,106.89,0.04435483870967742
2013-08-15,481.5,15332.709961000002,1339.500,107.43,0.027999999999999997
2013-08-16,473.75,15112.570313,1360.750,107.58,0.05822784810126583
2013-08-19,493.25,15076.790038999998,1375.250,107.14,0.0547945205479452
2013-08-20,483.75,15011.820313,1365.750,104.90,0.05465587044534413
2013-08-21,498.0,14993.80957,1360.000,103.93,0.09907120743034056
2013-08-22,487.5,14908.599609,1370.500,104.93,0.07317073170731707
2013-08-23,495.5,14988.780272999998,1374.500,106.48,0.054000000000000006
2013-08-27,499.75,14939.25,1411.000,109.11,0.07200000000000001
2013-08-28,504.25,14770.990234,1425.500,110.17,0.06341463414634146
2013-08-29,497.25,14817.910156,1406.250,108.51,0.04398826979472141
2013-08-30,495.0,14844.099609,1392.750,107.98,0.02466367713004484
2013-09-03,498.0,14801.549805,1391.250,108.67,0.04
2013-09-04,494.0,14832.419922,1403.750,107.29,0.086
2013-09-05,489.5,14929.490234,1391.750,108.50,0.062
2013-09-06,491.5,14941.549805,1368.250,110.62,0.096
2013-09-09,477.25,14927.19043,1386.000,109.62,0.044000000000000004
2013-09-10,474.75,15067.230469,1373.000,107.48,0.0379746835443038
2013-09-11,479.75,15194.129883000001,1365.250,107.65,0.0389344262295082
2013-09-12,479.0,15327.139647999998,1340.250,108.72,0.054892601431980916
2013-09-13,450.0,15312.860352000002,1308.250,108.31,0.03
2013-09-16,456.5,15381.360352000002,1314.750,106.54,-0.0136986301369863
2013-09-17,454.0,15503.150391,1317.250,105.36,0.08800000000000001
2013-09-18,456.25,15533.030272999998,1299.750,108.23,0.004662004662004662
2013-09-19,459.5,15677.860352000002,1363.500,106.26,0.06801007556675064
2013-09-20,451.0,15635.089844,1355.250,104.70,0.03480278422273782
2013-09-23,453.25,15452.30957,1321.750,103.62,0.10800000000000001
2013-09-24,448.75,15402.540038999998,1316.500,103.22,0.09368635437881874
2013-09-25,454.75,15339.019531,1320.250,102.68,0.096514745308311
2013-09-26,456.75,15274.419922,1332.500,103.10,0.11780104712041885
2013-09-27,454.0,15317.450195,1321.500,102.86,0.076
2013-09-30,441.5,15249.820313,1335.750,102.36,0.16
2013-10-01,439.0,15132.490234,1332.250,102.09,0.15759312320916904
2013-10-02,439.0,15182.650391,1293.750,104.15,0.222
2013-10-03,439.25,15127.230469,1309.000,103.29,0.12396694214876032
2013-10-04,443.25,14994.679688,1316.000,103.83,0.14854111405835546
2013-10-07,449.25,15069.299805,1311.000,103.07,0.02717391304347826
2013-10-08,441.75,14938.040038999998,1321.000,103.54,0.04205607476635514
2013-10-09,443.5,14778.19043,1309.500,101.63,0.08144796380090498
2013-10-10,438.25,14806.389647999998,1298.000,103.08,0.10554089709762532
2013-10-11,433.25,15126.519531,1285.750,102.17,0.10094637223974763
2013-10-14,437.0,15231.330078,1276.000,102.46,0.03896103896103896
2013-10-15,443.5,15300.299805,1255.500,101.15,0.125
2013-10-16,442.75,15170.700195,1278.250,102.34,0.1168384879725086
2013-10-17,443.0,15369.459961000002,1308.500,100.72,0.10666666666666667
2013-10-18,441.5,15371.709961000002,1317.000,100.87,0.12028301886792453
2013-10-21,444.0,15401.320313,1316.000,99.28,0.0979498861047836
2013-10-22,438.25,15394.219727000002,1311.750,97.63,0.11800000000000001
2013-10-23,442.75,15465.339844,1333.000,96.90,0.08126410835214448
2013-10-24,440.25,15414.870116999999,1336.250,96.65,0.057999999999999996
2013-10-25,440.0,15523.719727000002,1341.750,97.40,0.10887096774193547
2013-10-28,430.75,15569.19043,1351.000,98.74,0.10303030303030304
2013-10-29,432.0,15572.209961000002,1346.750,98.29,0.09142857142857144
2013-10-30,430.25,15680.740234,1349.500,96.81,0.16338028169014085
2013-10-31,428.25,15619.919922,1333.750,96.29,0.13069908814589665
2013-11-01,427.25,15558.009766,1314.750,94.56,0.02228412256267409
2013-11-04,426.25,15621.200195,1314.250,94.58,0.15980629539951574
2013-11-05,425.0,15631.219727000002,1311.250,93.40,0.01590909090909091
2013-11-06,421.25,15628.719727000002,1317.000,94.74,0.132
2013-11-07,420.5,15751.30957,1316.000,94.25,0.11199999999999999
2013-11-08,426.75,15591.540038999998,1309.000,94.56,0.06680161943319839
2013-11-11,434.75,15759.280272999998,1283.750,95.13,-0.0121580547112462
2013-11-12,432.25,15773.150391,1281.000,93.12,0.04371584699453552
2013-11-13,429.75,15739.5,1276.000,93.91,0.08396946564885496
2013-11-14,426.5,15806.219727000002,1283.250,93.76,0.13802083333333334
2013-11-15,422.0,15876.160156,1281.750,93.80,0.10282776349614396
2013-11-18,412.0,15962.719727000002,1283.500,93.03,0.076
2013-11-19,417.75,15974.05957,1272.250,93.35,0.076
2013-11-20,417.0,15971.200195,1271.500,93.34,0.066
2013-11-21,423.0,15908.070313,1248.500,95.35,0.13
2013-11-22,422.25,16008.709961000002,1241.750,94.53,0.11599999999999999
2013-11-25,424.75,16072.089844,1231.750,93.86,0.040268456375838924
2013-11-26,418.5,16070.929688,1250.750,93.41,0.055999999999999994
2013-11-27,417.25,16073.370116999999,1250.750,92.05,0.066
2013-11-29,415.25,16105.160156,1245.250,92.55,0.07165109034267912
2013-12-02,416.5,16087.120116999999,1237.500,93.61,0.0963855421686747
2013-12-03,422.0,16004.719727000002,1219.000,95.83,0.098
2013-12-04,425.5,15910.509766,1213.000,96.97,0.1023454157782516
2013-12-05,422.75,15886.5,1234.000,97.14,0.060851926977687626
2013-12-06,424.0,15825.549805,1230.750,97.48,0.08240534521158129
2013-12-09,428.5,16019.490234,1228.500,97.10,0.07352941176470587
2013-12-10,427.5,16024.120116999999,1245.750,98.32,0.06880733944954129
2013-12-11,431.25,15970.75,1255.250,97.25,0.12955465587044535
2013-12-12,428.25,15844.820313,1243.500,97.21,0.07816091954022987
2013-12-13,420.5,15745.660156,1222.750,96.27,0.07173913043478261
2013-12-16,423.25,15759.599609,1229.500,97.18,0.06784660766961652
2013-12-17,426.75,15884.05957,1237.250,96.99,0.04830917874396135
2013-12-18,425.0,15876.570313,1233.250,97.59,0.040816326530612235
2013-12-19,430.5,16162.509766,1205.250,98.40,0.10309278350515463
2013-12-20,433.25,16178.570313,1195.000,99.11,0.04659498207885305
2013-12-23,434.25,16225.25,1192.750,98.62,0.13170731707317074
2013-12-24,434.5,16295.700195,1196.500,98.87,0.09205020920502092
2013-12-27,427.5,16486.369141,1209.250,99.94,0.04901960784313725
2013-12-30,423.5,16484.509766,1201.500,98.90,0.12350597609561753
2013-12-31,422.0,16512.380859,1201.500,98.17,0.17410714285714285
2014-01-02,420.5,16572.169922,1219.750,95.14,0.0528169014084507
2014-01-03,423.5,16456.890625,1232.250,93.66,0.08450704225352113
2014-01-06,427.75,16474.039063,1238.000,93.12,0.09187279151943464
2014-01-07,426.0,16429.019531,1237.500,93.31,0.1076923076923077
2014-01-08,417.0,16527.660156,1226.500,91.90,0.059006211180124224
2014-01-09,412.0,16471.410156,1226.000,91.36,0.1258741258741259
2014-01-10,432.75,16453.619141,1232.250,92.39,0.14696485623003194
2014-01-13,434.5,16434.029297,1246.000,91.45,0.09466019417475728
2014-01-14,431.5,16261.990234,1248.750,92.15,0.064343163538874
2014-01-15,425.75,16378.030272999998,1238.000,93.78,0.03197674418604651
2014-01-16,428.0,16477.699219,1237.250,93.54,0.08917197452229299
2014-01-17,424.0,16408.019531,1241.000,93.96,0.07567567567567568
2014-01-21,425.0,16459.269531,1247.750,94.51,0.07578947368421053
2014-01-22,426.25,16420.480469,1239.500,96.35,0.08310991957104558
2014-01-23,429.0,16371.990234,1244.250,97.23,0.08686440677966102
2014-01-24,429.5,16203.290038999998,1259.250,96.66,0.12708333333333333
2014-01-27,431.75,15879.049805,1270.000,95.82,0.10800000000000001
2014-01-28,432.0,15840.839844,1253.500,97.49,0.0891566265060241
2014-01-29,427.5,15927.080078,1254.750,97.34,0.0875
2014-01-30,433.5,15743.030272999998,1254.000,98.25,0.04878048780487805
2014-01-31,434.0,15847.19043,1246.500,97.55,0.128
2014-02-03,435.75,15697.69043,1246.500,96.44,0.264
2014-02-04,441.75,15372.929688,1253.000,97.24,0.20800000000000002
2014-02-05,443.25,15443.0,1257.000,97.40,0.146
2014-02-06,443.0,15443.830078,1258.500,97.84,0.126
2014-02-07,444.25,15630.639647999998,1260.000,99.98,0.11299435028248588
2014-02-10,443.0,15793.629883000001,1273.500,100.12,0.11188811188811187
2014-02-11,441.5,15804.169922,1282.750,99.96,0.1084070796460177
2014-02-12,440.0,15993.040038999998,1286.500,100.38,0.046
2014-02-13,440.5,15946.990234,1290.250,100.27,0.0767590618336887
2014-02-14,445.25,16018.080078,1308.500,100.31,0.0583941605839416
2014-02-18,449.5,16153.969727000002,1314.000,102.54,0.1585677749360614
2014-02-19,453.75,16126.230469,1318.750,103.46,0.11946902654867254
2014-02-20,455.75,16044.150391,1313.750,103.20,0.08297872340425531
2014-02-21,453.0,16135.919922,1320.750,102.53,0.14066496163682865
2014-02-24,451.5,16102.269531,1333.000,103.17,0.08800000000000001
2014-02-25,455.75,16207.339844,1332.750,102.20,0.07276507276507277
2014-02-26,455.5,16180.360352000002,1340.000,102.93,0.08695652173913042
2014-02-27,448.0,16197.700195,1331.000,102.68,0.09343434343434344
2014-02-28,457.5,16273.230469,1327.750,102.88,0.1173469387755102
2014-03-03,464.0,16321.709961000002,1344.250,105.34,0.086
2014-03-04,476.75,16169.320313,1339.500,103.64,0.102
2014-03-05,475.25,16395.880859,1333.500,101.75,0.07621247113163973
2014-03-06,485.75,16360.55957,1334.250,101.82,0.05670103092783505
2014-03-07,481.0,16424.529297,1348.250,102.82,0.11461318051575932
2014-03-10,472.0,16453.099609,1334.250,101.39,0.10032362459546926
2014-03-11,478.0,16419.390625,1348.000,100.29,0.08866995073891626
2014-03-12,484.25,16350.669922,1355.750,98.29,0.054455445544554455
2014-03-13,484.25,16341.549805,1371.000,98.57,0.10135135135135136
2014-03-14,472.25,16106.320313,1370.000,99.23,0.04612159329140461
2014-03-17,479.0,16066.370116999999,1379.000,98.43,0.09090909090909093
2014-03-18,486.25,16245.929688,1362.500,100.08,0.10800000000000001
2014-03-19,487.75,16335.709961000002,1346.000,100.71,0.09207161125319692
2014-03-20,478.5,16221.980469,1327.000,99.68,0.07709251101321586
2014-03-21,479.0,16332.69043,1338.500,99.97,0.092
2014-03-24,490.0,16303.280272999998,1322.000,100.05,0.027999999999999997
2014-03-25,486.5,16279.200195,1314.750,99.66,0.064
2014-03-26,484.5,16370.709961000002,1314.500,100.61,0.07966457023060798
2014-03-27,492.0,16268.669922,1295.000,101.25,0.14800000000000002
2014-03-28,492.0,16267.769531,1295.750,101.73,0.166
2014-03-31,502.0,16324.219727000002,1294.000,101.57,0.09052631578947368
2014-04-01,507.5,16458.050781,1286.50,99.69,0.10669456066945608
2014-04-02,495.75,16532.800781,1284.000,99.60,0.142
2014-04-03,500.0,16572.359375,1287.250,100.29,0.162
2014-04-04,501.75,16576.019531,1293.500,101.16,0.14800000000000002
2014-04-07,499.25,16414.150391,1299.000,100.43,0.11
2014-04-08,507.0,16245.160156,1314.750,102.57,0.1
2014-04-09,502.25,16256.370116999999,1309.750,103.55,0.0863157894736842
2014-04-10,501.25,16437.240234,1321.500,103.37,0.09065934065934066
2014-04-11,498.5,16168.870116999999,1317.250,103.68,0.1217391304347826
2014-04-14,503.0,16028.290038999998,1324.500,104.05,0.12602739726027398
2014-04-15,503.75,16173.490234,1311.500,103.70,0.09302325581395347
2014-04-16,497.5,16266.230469,1299.000,103.71,0.1619718309859155
2014-04-17,494.75,16424.140625,1299.250,104.33,0.11842105263157895
2014-04-22,496.25,16449.380859,1290.750,101.69,0.08009153318077804
2014-04-23,503.5,16513.730469,1283.500,101.47,0.09002433090024331
2014-04-24,501.25,16503.390625,1283.500,102.20,0.07234042553191489
2014-04-25,507.0,16503.259766,1294.250,100.85,0.07200000000000001
2014-04-28,507.75,16363.200195,1302.000,101.13,0.054000000000000006
2014-04-29,515.75,16451.179688,1289.750,101.56,0.054000000000000006
2014-04-30,514.0,16534.859375,1292.000,100.07,0.094
2014-05-01,503.25,16580.259766,1283.000,99.69,0.11320754716981132
2014-05-02,494.0,16562.339844,1285.000,100.09,0.11599999999999999
2014-05-06,513.0,16529.849609,1308.500,99.81,0.10351966873706003
2014-05-07,510.25,16401.660156,1311.000,101.06,0.08839779005524863
2014-05-08,513.25,16518.160156,1291.250,100.52,0.08359133126934984
2014-05-09,505.0,16551.230469,1289.000,100.32,0.09395973154362416
2014-05-12,497.5,16584.820313,1292.750,100.89,0.1099195710455764
2014-05-13,503.25,16695.919922,1292.750,102.01,0.14400000000000002
2014-05-14,494.75,16716.080078,1300.250,102.63,0.066
2014-05-15,484.25,16613.519531,1303.750,101.74,0.11221945137157108
2014-05-16,483.5,16447.320313,1293.750,102.31,0.0891566265060241
2014-05-19,477.25,16490.349609,1301.000,102.95,0.032085561497326213
2014-05-20,473.5,16511.220703,1291.500,102.80,0.128
2014-05-21,474.5,16376.169922,1292.000,104.31,0.08199999999999999
2014-05-22,476.75,16532.740234,1294.500,104.03,0.13856812933025406
2014-05-23,478.0,16544.490234,1292.000,105.01,0.13740458015267176
2014-05-27,469.75,16607.419922,1283.000,104.78,0.09302325581395347
2014-05-28,472.5,16674.980469,1265.250,103.37,0.1
2014-05-29,469.5,16637.740234,1254.000,104.26,0.12844036697247707
2014-05-30,465.75,16697.330078,1254.000,103.40,0.094
2014-06-02,465.5,16716.849609,1244.750,103.07,0.08522727272727272
2014-06-03,458.25,16736.699219,1244.250,103.34,0.1238095238095238
2014-06-04,456.25,16720.0,1246.000,103.27,0.13131313131313133
2014-06-05,449.0,16739.140625,1244.750,103.17,0.09523809523809523
2014-06-06,459.0,16839.640625,1254.000,103.32,0.12181303116147307
2014-06-09,451.0,16926.080078,1255.000,105.09,0.17
2014-06-10,445.5,16940.400391,1253.500,105.02,0.11199999999999999
2014-06-11,441.0,16943.160156,1262.500,105.04,0.1320754716981132
2014-06-12,444.0,16840.480469,1261.750,107.20,0.08037825059101655
2014-06-13,447.0,16734.640625,1273.000,107.49,0.11708860759493672
2014-06-16,441.0,16765.560547,1281.750,107.52,0.10098522167487683
2014-06-17,438.75,16779.210938,1264.500,106.95,0.1272264631043257
2014-06-18,441.5,16806.119141,1269.000,106.64,0.1882022471910112
2014-06-19,450.5,16909.900391,1282.000,107.08,0.14634146341463414
2014-06-20,453.25,16920.619141,1310.000,107.95,0.06683804627249358
2014-06-23,444.5,16946.5,1313.500,106.83,0.053117782909930716
2014-06-24,443.0,16934.619141,1323.000,106.64,0.076
2014-06-25,441.0,16817.679688,1312.000,107.04,0.094147582697201
2014-06-26,442.75,16866.810547,1311.500,106.49,0.12540192926045016
2014-06-27,443.0,16846.900391,1315.250,106.46,0.1169811320754717
2014-06-30,424.25,16852.490234,1313.000,106.07,0.10120481927710843
2014-07-01,422.75,16828.529297,1325.750,106.06,0.16666666666666666
2014-07-02,418.5,16949.710938,1326.750,105.18,0.14161220043572986
2014-07-03,417.0,16979.0,1322.500,104.76,0.05882352941176471
2014-07-07,409.25,17063.830078,1313.250,104.19,0.04878048780487805
2014-07-08,408.25,17022.089844,1318.250,104.06,0.0645933014354067
2014-07-09,404.0,16916.830078,1322.500,102.93,0.09302325581395347
2014-07-10,400.5,16980.349609,1343.250,103.61,0.094
2014-07-11,399.75,16918.310547,1336.500,101.48,0.10245901639344264
2014-07-14,390.25,16950.929688,1321.250,101.73,0.12025316455696206
2014-07-15,374.0,17055.029297,1312.000,100.56,0.07400000000000001
2014-07-16,378.25,17061.910156,1297.500,101.88,0.062
2014-07-17,379.5,17133.449219,1302.750,103.84,0.042
2014-07-18,371.25,16978.160156,1310.250,103.83,0.016
2014-07-21,364.0,17095.109375,1312.750,105.34,0.07660455486542443
2014-07-22,360.25,17054.970703,1307.000,104.59,0.02
2014-07-23,362.5,17117.009766,1307.500,103.81,0.084
2014-07-24,361.5,17092.019531,1300.000,102.76,0.05473684210526316
2014-07-25,363.0,17079.5,1292.500,105.23,0.055825242718446605
2014-07-28,367.75,16956.910156,1305.000,105.68,0.05
2014-07-29,361.5,16984.330078,1307.500,104.91,0.078
2014-07-30,361.75,16920.109375,1297.500,104.29,0.07
2014-07-31,357.0,16869.630859,1295.00,98.23,0.0778688524590164
2014-08-01,352.5,16561.699219,1284.500,97.86,0.023404255319148932
2014-08-04,358.75,16493.720703,1293.500,98.26,0.06607929515418502
2014-08-05,356.25,16559.970703,1292.750,97.34,0.0794044665012407
2014-08-06,363.25,16425.099609,1288.500,96.93,0.08983451536643026
2014-08-07,359.5,16448.289063,1302.000,97.34,0.06490384615384616
2014-08-08,351.75,16369.679688,1317.500,97.61,0.10023310023310024
2014-08-11,356.75,16557.269531,1308.250,98.09,0.146
2014-08-12,358.5,16565.550781,1311.000,97.36,0.1
2014-08-13,358.0,16567.539063,1309.250,97.57,0.11342592592592593
2014-08-14,362.0,16657.320313,1315.000,95.54,0.10220994475138122
2014-08-15,365.75,16717.009766,1313.600,97.30,0.09401709401709403
2014-08-18,360.75,16664.449219,1302.750,96.44,0.025423728813559324
2014-08-19,362.5,16839.060547,1300.250,94.35,0.06
2014-08-20,359.5,16910.029297,1294.500,96.40,0.07625272331154684
2014-08-21,362.25,16983.880859,1280.500,93.97,0.12090680100755667
2014-08-22,365.5,17038.269531,1281.000,93.61,0.10149253731343284
2014-08-26,356.0,17079.570313,1286.500,95.78,0.05238095238095238
2014-08-27,356.0,17111.029297,1285.000,95.82,0.1032608695652174
2014-08-28,361.75,17119.060547,1288.000,96.44,0.086
2014-08-29,359.0,17083.419922,1285.750,97.86,0.14906832298136646
2014-09-02,355.75,17097.419922,1277.750,92.92,0.1
2014-09-03,341.25,17067.240234,1268.500,95.50,0.037151702786377715
2014-09-04,335.75,17083.609375,1271.000,94.51,0.012048192771084338
2014-09-05,346.5,17065.890625,1264.000,93.32,0.06784660766961652
2014-09-08,339.25,17131.710938,1267.250,92.64,0.05912596401028278
2014-09-09,336.25,17110.390625,1256.000,92.73,0.04807692307692308
2014-09-10,338.75,17016.050781,1254.250,91.71,0.092
2014-09-11,331.75,17057.410156,1247.000,92.89,0.08050847457627118
2014-09-12,339.0,17044.050781,1237.250,92.18,0.07547169811320754
2014-09-15,343.0,16988.759766,1234.750,92.86,0.054000000000000006
2014-09-16,343.75,17027.160156,1238.750,94.91,0.084
2014-09-17,341.75,17131.009766,1236.500,94.33,0.06666666666666668
2014-09-18,338.25,17163.730469,1223.000,93.07,0.09112709832134293
2014-09-19,331.5,17267.210938,1222.500,92.43,0.10126582278481013
2014-09-22,330.25,17271.710938,1214.000,91.46,0.10344827586206896
2014-09-23,325.5,17165.910156,1225.000,91.55,0.09911894273127753
2014-09-24,329.5,17056.640625,1224.000,93.60,0.09271523178807947
2014-09-25,326.0,17204.859375,1210.500,93.59,0.12533333333333332
2014-09-26,323.0,16948.619141,1222.250,95.55,0.09364548494983277
2014-09-29,325.75,17107.689453,1217.750,94.53,0.1368909512761021
2014-09-30,320.75,17070.449219,1210.000,91.17,0.064
2014-10-01,321.25,17040.460938,1208.500,90.74,0.102
2014-10-02,322.75,16808.269531,1214.500,91.02,0.106
2014-10-03,323.25,16802.199219,1207.500,89.76,0.11044776119402984
2014-10-06,332.5,17010.339844,1193.250,90.33,0.1373873873873874
2014-10-07,340.5,16988.25,1207.500,88.89,0.13203463203463206
2014-10-08,343.25,16718.650391,1220.000,87.29,0.08620689655172414
2014-10-09,344.75,16989.369141,1227.500,85.76,0.15422885572139305
2014-10-10,334.0,16654.880859,1222.250,85.87,0.078
2014-10-13,346.0,16535.429688,1228.000,85.73,0.06111111111111111
2014-10-14,357.0,16321.900391,1233.000,81.72,0.1021897810218978
2014-10-15,347.5,16313.299805,1223.500,81.82,0.12094395280235988
2014-10-16,352.25,16137.139647999998,1241.000,82.33,0.10112359550561796
2014-10-17,348.0,16118.389647999998,1238.000,82.80,0.0945945945945946
2014-10-20,348.25,16373.150391,1241.000,82.76,0.066
2014-10-21,356.0,16406.029297,1251.750,83.25,0.064
2014-10-22,353.0,16615.259766,1246.750,80.52,0.096
2014-10-23,359.75,16468.070313,1240.500,82.81,0.06
2014-10-24,353.0,16677.039063,1231.750,81.27,0.034
2014-10-27,363.0,16796.099609,1230.500,81.26,0.12951167728237792
2014-10-28,364.5,16825.189453,1228.250,81.36,0.12474437627811863
2014-10-29,375.25,17005.070313,1228.000,82.25,0.0987012987012987
2014-10-30,374.0,16968.140625,1205.750,81.06,0.14800000000000002
2014-10-31,376.75,17208.779297,1173.250,80.53,0.12340425531914892
2014-11-03,373.5,17390.900391,1170.750,78.77,0.10874200426439233
2014-11-04,364.5,17368.810547,1169.250,77.15,0.11
2014-11-05,370.25,17385.759766,1145.250,78.71,0.08823529411764706
2014-11-06,371.25,17491.660156,1144.500,77.87,0.188
2014-11-07,367.5,17558.580078,1145.000,78.71,0.15
2014-11-10,369.25,17568.980469,1172.000,77.43,0.1028225806451613
2014-11-11,373.75,17615.640625,1151.250,77.85,0.14
2014-11-12,377.75,17604.75,1163.250,77.16,0.158
2014-11-13,386.25,17618.689453,1161.000,74.13,0.042
2014-11-14,381.75,17653.109375,1154.000,75.91,0.11800000000000001
2014-11-17,377.5,17631.849609,1187.000,75.64,0.09200968523002423
2014-11-18,372.0,17643.089844,1202.000,74.55,0.06387665198237885
2014-11-19,363.25,17685.509766,1200.750,74.55,0.06342494714587738
2014-11-20,373.25,17677.320313,1194.000,75.63,0.05753424657534247
2014-11-21,372.75,17721.019531,1193.250,76.52,0.13029315960912052
2014-11-24,367.5,17812.630859,1196.000,75.74,0.09779179810725552
2014-11-25,374.25,17819.050781,1202.250,74.04,0.09253731343283582
2014-11-26,378.25,17812.25,1195.750,73.70,0.07246376811594203
2014-11-28,375.75,17830.550781,1184.500,65.94,0.07796610169491526
2014-12-01,375.5,17827.269531,1178.750,68.98,0.12008733624454147
2014-12-02,367.75,17778.849609,1197.000,66.99,0.05668934240362813
2014-12-03,368.75,17880.900391,1203.250,67.30,0.07913669064748201
2014-12-04,376.0,17910.019531,1204.000,66.73,0.11283185840707965
2014-12-05,381.5,17903.050781,1204.500,65.89,0.11357340720221605
2014-12-08,377.5,17954.939453,1195.250,63.13,0.0830945558739255
2014-12-09,383.0,17847.369141,1206.500,63.74,0.07008086253369272
2014-12-10,382.5,17797.990234,1228.250,60.99,0.06837606837606837
2014-12-11,390.0,17534.300781,1219.500,60.01,0.114
2014-12-12,396.25,17590.050781,1223.500,57.81,0.07974137931034482
2014-12-15,408.5,17285.740234,1210.750,55.96,0.08333333333333333
2014-12-16,406.0,17173.070313,1199.250,55.97,0.11702127659574467
2014-12-17,408.25,17069.160156,1199.00,56.43,0.12716763005780346
2014-12-18,411.0,17367.849609,1210.750,54.18,0.12531328320802004
2014-12-19,410.5,17778.019531,1197.500,56.91,0.04450261780104712
2014-12-22,411.75,17812.25,1195.250,55.25,0.08666666666666667
2014-12-23,414.0,17971.509766,1179.500,56.78,0.11945392491467575
2014-12-24,407.75,18035.730469,1177.000,55.70,0.12166172106824925
2014-12-29,412.75,18046.580078,1194.000,53.46,0.09433962264150944
2014-12-30,406.5,18035.019531,1186.500,54.14,0.05787037037037038
2014-12-31,397.0,17987.660156,1199.250,53.45,0.08139534883720931
2015-01-02,395.75,17823.070313,1184.250,52.72,0.10526315789473684
2015-01-05,406.0,17821.300781,1192.000,50.05,0.0967741935483871
2015-01-06,405.0,17504.179688,1211.000,47.98,0.06646525679758307
2015-01-07,396.25,17374.779297,1213.750,48.69,0.08360128617363344
2015-01-08,394.25,17591.970703,1206.500,48.80,0.12618296529968456
2015-01-09,400.25,17911.019531,1211.250,48.35,0.06443298969072164
2015-01-12,402.0,17742.050781,1222.000,46.06,0.0145985401459854
2015-01-13,385.75,17645.019531,1239.000,45.92,0.06415929203539822
2015-01-14,381.0,17609.060547,1228.750,48.49,0.07068607068607069
2015-01-15,380.0,17436.300781,1235.250,46.37,0.08333333333333333
2015-01-16,387.0,17320.0,1258.250,48.49,0.1153846153846154
2015-01-20,390.25,17516.960938,1292.250,46.79,0.09302325581395347
2015-01-21,388.0,17509.960938,1298.000,47.85,0.14
2015-01-22,383.75,17557.289063,1287.000,45.93,0.162
2015-01-23,386.75,17812.5,1293.500,45.26,0.128
2015-01-26,384.0,17668.109375,1282.750,44.80,0.122
2015-01-27,381.25,17638.529297,1279.000,45.84,0.09
2015-01-28,373.25,17402.910156,1287.000,44.08,0.062
2015-01-29,371.5,17195.289063,1275.500,44.12,0.12
2015-01-30,370.0,17416.849609,1263.500,47.79,0.138
2015-02-02,369.75,17169.990234,1274.250,49.25,0.21
2015-02-03,385.75,17369.970703,1281.000,53.04,0.11421911421911422
2015-02-04,383.5,17664.990234,1269.250,48.45,0.12170385395537525
2015-02-05,385.25,17677.259766,1263.750,50.48,0.08986175115207372
2015-02-06,385.75,17881.539063,1264.000,51.66,0.12337662337662338
2015-02-09,391.25,17821.490234,1242.250,52.99,0.09887005649717516
2015-02-10,388.0,17736.150391,1237.500,50.06,0.11
2015-02-11,385.75,17867.859375,1235.500,48.80,0.14772727272727273
2015-02-12,383.0,17862.140625,1225.250,51.17,0.1201814058956916
2015-02-13,387.25,17968.650391,1225.750,52.66,0.05945945945945946
2015-02-17,389.5,18019.800781,1221.750,53.56,0.11936936936936934
2015-02-18,383.75,18045.720703,1206.500,52.13,0.09565217391304348
2015-02-19,389.75,18028.669922,1217.750,51.12,0.09162303664921466
2015-02-20,385.25,17985.769531,1203.500,49.95,0.12893982808022922
2015-02-23,378.75,18140.759766,1193.500,49.56,0.07971014492753623
2015-02-24,377.5,18112.570313,1195.500,48.48,0.1196808510638298
2015-02-25,375.75,18208.669922,1206.500,50.25,0.184
2015-02-26,380.0,18224.410156,1220.000,47.65,0.15128205128205127
2015-02-27,384.5,18213.259766,1205.000,49.84,0.08011869436201781
2015-03-02,378.75,18134.050781,1216.750,49.59,0.152
2015-03-03,382.0,18281.949219,1207.750,50.43,0.12280701754385966
2015-03-04,381.5,18203.369141,1204.250,51.53,0.1134453781512605
2015-03-05,382.75,18096.900391,1199.750,50.76,0.092
2015-03-06,379.25,18135.720703,1196.500,49.61,0.09523809523809523
2015-03-09,383.25,17856.560547,1173.750,49.95,0.1572700296735905
2015-03-10,382.25,17989.560547,1161.000,48.42,0.1295774647887324
2015-03-11,384.0,17662.939453,1158.750,48.06,0.14124293785310735
2015-03-12,382.25,17626.839844,1161.250,47.12,0.10084033613445377
2015-03-13,374.0,17889.050781,1156.500,44.88,0.12296983758700696
2015-03-16,379.0,17751.240234,1157.000,43.93,0.12048192771084335
2015-03-17,371.0,17972.220703,1154.750,43.39,0.086
2015-03-18,374.75,17846.800781,1149.000,44.63,0.086
2015-03-19,373.5,18072.580078,1164.000,44.02,0.12
2015-03-20,385.0,17961.130859,1171.750,46.00,0.08396946564885496
2015-03-23,390.25,18136.730469,1181.400,47.40,0.05764411027568923
2015-03-24,393.25,18110.869141,1193.250,47.03,0.09
2015-03-25,395.0,18012.609375,1192.550,48.75,0.12439024390243902
2015-03-26,391.25,17716.269531,1209.400,51.41,0.16252821670428896
2015-03-27,391.0,17673.630859,1198.000,48.83,0.07670454545454546
2015-03-30,394.5,17727.480469,1187.400,48.66,0.09523809523809523
2015-03-31,376.25,17965.369141,1179.250,47.72,0.138
2015-04-01,381.75,17778.519531,1181.250,50.12,0.174
2015-04-02,386.5,17699.519531,1201.500,49.13,0.10647181628392484
2015-04-07,383.0,17884.320313,1208.500,53.95,0.11199999999999999
2015-04-08,379.25,17877.619141,1211.100,50.44,0.109979633401222
2015-04-09,378.0,17902.509766,1196.000,50.79,0.0951276102088167
2015-04-10,377.0,17956.730469,1201.900,51.63,0.0855614973262032
2015-04-13,370.5,18052.320313,1197.850,51.95,0.1153846153846154
2015-04-14,373.5,17979.109375,1191.450,53.30,0.17983651226158034
2015-04-15,376.0,18045.710938,1189.850,56.25,0.1116504854368932
2015-04-16,376.25,18106.269531,1204.600,56.69,0.136
2015-04-17,379.75,18102.560547,1204.550,55.71,0.134
2015-04-20,378.0,17841.179688,1203.250,56.37,0.09808612440191387
2015-04-21,373.0,18034.230469,1197.700,55.58,0.08991228070175439
2015-04-22,372.5,17950.820313,1202.400,56.17,0.12832929782082325
2015-04-23,370.75,18031.900391,1187.750,56.59,0.1276595744680851
2015-04-24,364.5,18056.419922,1192.150,55.98,0.13274336283185842
2015-04-27,360.75,18097.890625,1182.750,55.56,0.1303030303030303
2015-04-28,361.0,18035.900391,1201.400,57.05,0.13043478260869565
2015-04-29,363.75,18093.689453,1204.800,58.55,0.138
2015-04-30,362.5,18033.330078,1204.300,59.62,0.11599999999999999
2015-05-01,359.75,17859.269531,1179.000,59.10,0.102
2015-05-05,361.25,18062.529297,1187.400,60.38,0.092
2015-05-06,366.5,17934.810547,1191.250,60.93,0.11599999999999999
2015-05-07,357.75,17840.25,1183.000,58.99,0.12087912087912088
2015-05-08,358.5,17933.640625,1185.250,59.41,0.13959390862944165
2015-05-11,358.25,18187.779297,1184.750,59.23,0.10677083333333333
2015-05-12,357.0,18096.160156,1184.450,60.72,0.11809045226130653
2015-05-13,356.0,18070.369141,1193.000,60.50,0.12211981566820275
2015-05-14,361.0,18062.490234,1214.750,59.89,0.13404255319148936
2015-05-15,365.5,18251.970703,1216.300,59.73,0.09401709401709403
2015-05-18,368.0,18267.25,1228.150,59.44,0.1111111111111111
2015-05-19,362.0,18300.480469,1219.650,57.30,0.14102564102564102
2015-05-20,360.0,18315.060547,1206.750,58.96,0.12742980561555076
2015-05-21,365.0,18285.869141,1209.600,60.18,0.09571788413098237
2015-05-22,360.0,18286.869141,1211.000,58.88,0.10869565217391304
2015-05-26,355.0,18229.75,1194.000,57.29,0.06903765690376569
2015-05-27,349.5,18045.080078,1187.850,57.51,0.05
2015-05-28,353.5,18154.140625,1189.450,57.69,0.1381074168797954
2015-05-29,351.5,18128.119141,1190.400,60.25,0.15315315315315314
2015-06-01,352.25,18017.820313,1187.300,60.24,0.11800000000000001
2015-06-02,359.0,18033.330078,1188.750,61.30,0.19399999999999998
2015-06-03,359.0,18018.419922,1186.600,59.67,0.10400000000000001
2015-06-04,363.5,18072.470703,1182.450,58.00,0.17530864197530865
2015-06-05,360.5,17905.380859,1175.900,59.11,0.15193370165745854
2015-06-08,365.25,17849.460938,1173.400,58.15,0.06395348837209303
2015-06-09,365.0,17766.949219,1181.000,60.15,0.09002433090024331
2015-06-10,357.25,17765.380859,1186.000,61.36,0.1226215644820296
2015-06-11,356.5,18001.269531,1180.500,60.74,0.08056872037914692
2015-06-12,353.0,18035.830078,1179.250,59.96,0.07004830917874398
2015-06-15,348.25,17890.759766,1178.250,59.53,0.128
2015-06-16,354.0,17787.429688,1182.100,60.01,0.126
2015-06-17,359.25,17909.580078,1178.500,59.89,0.132
2015-06-18,358.0,17944.609375,1198.000,60.41,0.15
2015-06-19,353.25,18116.240234,1198.150,59.62,0.08454106280193238
2015-06-22,360.0,18027.630859,1193.700,60.01,0.15458937198067632
2015-06-23,367.5,18121.779297,1183.350,61.05,0.10199004975124376
2015-06-24,366.5,18139.099609,1175.750,60.01,0.13317191283292978
2015-06-25,376.5,17977.109375,1174.600,59.59,0.12
2015-06-26,385.0,17892.029297,1174.400,59.41,0.1192214111922141
2015-06-29,383.25,17936.740234,1176.500,58.34,0.13725490196078433
2015-06-30,414.0,17599.960938,1175.000,59.48,0.11599999999999999
2015-07-01,413.75,17638.119141,1171.700,56.94,0.0963302752293578
2015-07-02,419.75,17763.320313,1164.300,56.93,0.0958904109589041
2015-07-06,418.5,17728.080078,1164.250,52.48,0.11825192802056556
2015-07-07,415.75,17684.919922,1166.250,52.33,0.09803921568627452
2015-07-08,416.25,17759.009766,1154.250,51.61,0.055999999999999994
2015-07-09,421.25,17530.380859,1162.100,52.76,0.084
2015-07-10,427.25,17561.119141,1162.400,52.74,0.08704453441295547
2015-07-13,433.5,17787.269531,1154.950,52.19,0.102
2015-07-14,424.0,17974.609375,1153.200,53.05,0.1197339246119734
2015-07-15,429.5,18053.380859,1154.750,51.40,0.1079295154185022
2015-07-16,430.0,18078.160156,1145.100,50.90,0.19527896995708155
2015-07-17,420.25,18117.580078,1143.000,50.88,0.1414141414141414
2015-07-20,405.0,18085.910156,1115.000,50.11,0.04703476482617587
2015-07-21,406.5,18096.669922,1108.000,50.59,-0.07
2015-07-22,402.75,17918.349609,1096.800,49.27,0.022000000000000002
2015-07-23,403.25,17853.779297,1101.650,48.11,0.066
2015-07-24,392.5,17731.050781,1083.750,47.98,0.12598425196850396
2015-07-27,373.0,17561.779297,1098.600,47.17,0.12121212121212123
2015-07-28,375.0,17449.810547,1095.600,47.97,0.1069182389937107
2015-07-29,367.75,17631.400391,1096.750,48.77,0.122
2015-07-30,373.25,17743.240234,1085.650,48.53,0.132
2015-07-31,371.0,17755.869141,1080.050,47.11,0.07400000000000001
2015-08-03,366.5,17696.740234,1093.000,45.25,0.145610278372591
2015-08-04,368.75,17596.929688,1092.600,45.75,0.084
2015-08-05,372.75,17555.240234,1086.500,45.13,0.11800000000000001
2015-08-06,369.75,17542.609375,1085.000,44.69,0.098
2015-08-07,372.75,17414.939453,1091.350,43.87,0.12877263581488935
2015-08-10,390.25,17375.179688,1094.800,44.94,0.1871794871794872
2015-08-11,376.5,17593.589844,1113.250,43.11,0.06026785714285714
2015-08-12,357.25,17382.929688,1116.800,43.22,0.08602150537634409
2015-08-13,363.75,17401.640625,1117.350,42.27,0.06976744186046513
2015-08-14,364.0,17410.119141,1116.750,42.45,0.09090909090909093
2015-08-17,363.25,17472.660156,1117.300,41.93,0.1174863387978142
2015-08-18,366.25,17537.300781,1119.150,42.58,0.015
2015-08-19,367.25,17508.740234,1123.200,40.75,-0.025821596244131457
2015-08-20,371.0,17345.320313,1137.950,41.00,0.1176470588235294
2015-08-21,365.25,16990.689453,1149.350,40.45,0.027989821882951654
2015-08-24,368.75,16459.75,1153.500,38.22,0.10685483870967742
2015-08-25,365.5,15882.269531,1154.250,39.15,0.13347022587268995
2015-08-26,361.75,15676.259766,1134.400,38.50,0.10224438902743142
2015-08-27,363.75,16285.509766,1128.500,42.47,0.13164556962025314
2015-08-28,363.25,16649.419922,1125.500,45.29,0.05813953488372092
2015-09-01,356.0,16528.029297,1141.900,45.38,0.17480719794344474
2015-09-02,354.0,16058.349609,1140.000,46.30,0.16402116402116398
2015-09-03,347.75,16364.339844,1130.050,46.75,0.10355029585798817
2015-09-04,349.5,16371.759766,1125.000,46.02,0.16265060240963855
2015-09-08,355.0,16109.929688,1120.850,45.92,0.087527352297593
2015-09-09,356.5,16505.039063,1122.300,44.13,0.106
2015-09-10,361.75,16252.570313,1107.750,45.85,0.11022044088176353
2015-09-11,374.5,16330.400391,1106.350,44.75,0.13131313131313133
2015-09-14,379.0,16450.859375,1108.000,44.07,0.11868131868131868
2015-09-15,390.5,16382.580078,1105.500,44.58,0.13486005089058525
2015-09-16,386.0,16599.509766,1109.750,47.12,0.17791411042944785
2015-09-17,379.75,16738.080078,1118.150,46.93,0.10217391304347828
2015-09-18,377.25,16674.740234,1136.000,44.71,0.09929078014184398
2015-09-21,384.5,16406.099609,1136.850,46.67,0.12210526315789473
2015-09-22,380.5,16477.449219,1129.300,46.17,0.13882863340563992
2015-09-23,383.25,16332.80957,1124.600,44.53,0.12990196078431376
2015-09-24,381.5,16257.110352000002,1134.450,44.94,0.11855670103092784
2015-09-25,389.0,16205.070313,1145.500,45.55,0.17717717717717718
2015-09-28,386.75,16313.259766,1137.500,44.40,0.16780045351473924
2015-09-29,389.0,16001.759766,1124.600,45.24,0.126
2015-09-30,387.75,16057.080078,1122.500,45.06,0.114
2015-10-01,388.75,16278.620116999999,1114.200,44.75,0.19
2015-10-02,389.25,16258.25,1106.300,45.54,0.17800000000000002
2015-10-05,393.5,16502.099609,1134.350,46.28,0.13839285714285715
2015-10-06,398.25,16774.019531,1136.900,48.53,0.146
2015-10-07,395.75,16805.419922,1147.900,47.86,0.156
2015-10-08,391.25,16904.169922,1143.300,49.46,0.092
2015-10-09,382.75,17054.689453,1151.500,49.67,0.1336405529953917
2015-10-12,380.75,17082.289063,1164.200,47.09,0.1978021978021978
2015-10-13,384.5,17113.550781,1154.400,46.70,0.1195121951219512
2015-10-14,379.0,17079.080078,1173.700,46.63,0.1176470588235294
2015-10-15,375.5,16944.859375,1183.350,46.38,0.10972568578553617
2015-10-16,376.75,17141.75,1176.350,47.30,0.06526315789473684
2015-10-19,373.0,17209.429688,1171.650,45.91,0.09953703703703703
2015-10-20,376.75,17228.470703,1173.700,45.84,0.1218274111675127
2015-10-21,380.75,17225.929688,1174.400,45.22,0.14
2015-10-22,378.25,17180.880859,1166.450,44.90,0.1609442060085837
2015-10-23,379.75,17525.109375,1171.550,43.91,0.08800000000000001
2015-10-26,384.5,17649.570313,1168.500,43.19,0.158
2015-10-27,380.0,17608.890625,1165.750,43.21,0.10805084745762712
2015-10-28,376.0,17586.689453,1171.500,45.93,0.20222222222222225
2015-10-29,380.0,17771.5,1159.000,46.02,0.14814814814814814
2015-10-30,382.25,17756.599609,1147.750,46.60,0.1272264631043257
2015-11-02,376.5,17672.619141,1135.800,46.12,0.13897280966767372
2015-11-03,380.5,17819.740234,1130.900,47.88,0.078
2015-11-04,380.5,17929.580078,1118.000,46.32,0.11353711790393012
2015-11-05,374.5,17871.25,1107.300,45.27,0.18823529411764706
2015-11-06,373.0,17855.220703,1107.700,44.32,0.16012084592145015
2015-11-09,366.75,17900.779297,1095.600,43.87,0.1007751937984496
2015-11-10,359.0,17724.130859,1092.500,44.23,0.1425233644859813
2015-11-11,362.25,17769.5,1088.600,42.95,0.10625
2015-11-12,362.0,17691.929688,1087.600,41.74,0.14
2015-11-13,358.25,17439.25,1083.750,40.69,0.06765327695560254
2015-11-16,360.0,17229.939453,1094.500,41.68,0.12946428571428573
2015-11-17,362.0,17486.990234,1080.800,40.73,0.13901345291479822
2015-11-18,361.75,17485.490234,1070.500,40.75,0.19914346895074947
2015-11-19,364.25,17739.830078,1073.100,40.55,0.16775599128540306
2015-11-20,363.25,17732.75,1085.150,39.39,0.11434511434511435
2015-11-23,367.25,17823.609375,1068.350,39.27,0.12054794520547946
2015-11-24,364.25,17770.900391,1073.000,40.89,0.08150470219435736
2015-11-25,366.0,17820.810547,1072.200,41.22,0.12398921832884095
2015-11-27,359.25,17806.039063,1064.650,40.57,0.15824915824915825
2015-11-30,365.0,17802.839844,1055.650,40.43,0.1247216035634744
2015-12-01,367.0,17719.720703,1069.250,40.58,0.20084566596194506
2015-12-02,364.0,17883.140625,1066.900,39.93,0.1419624217118998
2015-12-03,370.25,17741.570313,1050.600,41.08,0.10672853828306264
2015-12-04,376.25,17482.679688,1063.000,40.00,0.16452442159383032
2015-12-07,368.5,17845.490234,1082.700,37.64,0.1073170731707317
2015-12-08,370.0,17703.990234,1071.750,37.46,0.12371134020618554
2015-12-09,371.75,17558.179688,1078.400,37.16,0.1340909090909091
2015-12-10,377.25,17493.169922,1072.000,36.76,0.09027777777777778
2015-12-11,373.0,17574.75,1067.200,35.65,0.10514018691588783
2015-12-14,381.75,17277.109375,1068.000,36.31,0.0625
2015-12-15,377.25,17374.779297,1069.150,37.32,0.16521739130434782
2015-12-16,369.75,17530.849609,1065.750,35.55,0.19398907103825136
2015-12-17,374.25,17756.539063,1065.850,34.98,0.19870410367170627
2015-12-18,374.5,17495.039063,1055.250,34.72,0.1574074074074074
2015-12-21,372.0,17154.939453,1071.150,34.55,0.0847457627118644
2015-12-22,366.25,17253.550781,1077.000,36.12,0.04098360655737705
2015-12-23,365.5,17427.630859,1071.500,36.76,0.1342281879194631
2015-12-24,364.5,17593.259766,1071.900,37.62,0.1245136186770428
2015-12-29,362.5,17547.369141,1067.250,37.88,0.07033639143730888
2015-12-30,359.0,17711.939453,1067.800,36.59,0.11635220125786165
2015-12-31,358.75,17590.660156,1062.250,37.13,0.034403669724770644
2016-01-04,351.5,17405.480469,1072.700,36.81,0.042857142857142864
2016-01-05,353.0,17147.5,1078.000,35.97,0.12272727272727273
2016-01-06,353.25,17154.830078,1083.850,33.97,0.1218905472636816
2016-01-07,353.0,16888.359375,1096.000,33.29,0.12910284463894967
2016-01-08,357.0,16519.169922,1097.450,33.20,0.06038647342995169
2016-01-11,351.75,16358.709961000002,1104.700,31.42,0.121580547112462
2016-01-12,356.75,16419.109375,1094.850,30.42,0.17233560090702948
2016-01-13,358.0,16526.630859,1081.800,30.42,0.18306636155606407
2016-01-14,358.0,16159.009766,1090.750,31.22,0.07494646680942184
2016-01-15,363.25,16354.330078,1081.100,29.45,0.1263157894736842
2016-01-19,367.75,16009.450195,1087.000,28.47,0.1396761133603239
2016-01-20,368.75,15989.450195,1093.200,26.68,0.09871244635193133
2016-01-21,367.0,15768.870116999999,1096.800,29.55,0.12704918032786885
2016-01-22,370.25,15921.099609,1097.650,32.07,0.11063829787234042
2016-01-25,369.75,16086.459961000002,1103.700,30.31,0.12090680100755667
2016-01-26,369.25,15893.160156,1114.700,29.54,0.14800000000000002
2016-01-27,369.25,16168.740234,1116.500,32.32,0.1431818181818182
2016-01-28,365.5,15960.280272999998,1119.000,33.21,0.08888888888888889
2016-01-29,372.0,16090.259766,1112.900,33.66,0.094
2016-02-01,371.25,16453.630859,1122.000,31.62,0.076
2016-02-02,372.5,16420.210938,1123.600,29.90,0.04
2016-02-03,371.0,16186.200195,1130.000,32.29,0.14
2016-02-04,368.5,16329.669922,1146.250,31.63,0.20666666666666667
2016-02-05,365.75,16417.949219,1158.500,30.86,0.12534818941504178
2016-02-08,362.25,16147.509766,1173.400,29.71,0.13356164383561644
2016-02-09,361.0,16005.410156,1188.900,27.96,0.09646302250803858
2016-02-10,360.25,16035.610352000002,1183.400,27.54,0.042735042735042736
2016-02-11,360.25,15897.820313,1223.250,26.19,0.16829268292682928
2016-02-12,358.75,15691.620116999999,1239.500,29.32,0.1723076923076923
2016-02-16,363.0,16012.389647999998,1212.000,29.05,0.0547112462006079
2016-02-17,367.25,16217.980469,1202.400,30.68,0.1196319018404908
2016-02-18,365.5,16483.759766,1204.400,30.77,0.16752577319587628
2016-02-19,365.5,16410.960938,1221.500,29.59,0.1529745042492918
2016-02-22,367.5,16417.130859,1203.650,31.37,0.06688963210702341
2016-02-23,362.0,16610.390625,1218.750,31.84,0.12679425837320574
2016-02-24,359.75,16418.839844,1232.250,30.35,0.1195121951219512
2016-02-25,355.5,16504.380859,1235.400,31.40,0.08968609865470853
2016-02-26,354.5,16712.699219,1231.000,31.65,0.1558139534883721
2016-03-01,353.75,16545.669922,1240.000,34.39,0.17307692307692307
2016-03-02,354.5,16851.169922,1229.350,34.57,0.10149253731343284
2016-03-03,353.75,16896.169922,1241.950,34.56,0.19811320754716985
2016-03-04,354.5,16945.0,1271.500,35.91,0.116580310880829
2016-03-07,355.0,16991.289063,1267.600,37.90,0.0911062906724512
2016-03-08,358.75,17050.669922,1274.100,36.67,0.20199999999999999
2016-03-09,359.0,16969.169922,1258.250,37.62,0.20095693779904306
2016-03-10,362.5,17006.050781,1247.250,37.77,0.12356979405034325
2016-03-11,366.0,17014.990234,1262.250,38.51,0.1643059490084986
2016-03-14,366.75,17207.490234,1256.550,37.20,0.124
2016-03-15,368.5,17217.150391,1233.600,36.32,0.078
2016-03-16,368.25,17249.339844,1233.100,38.43,0.11138014527845036
2016-03-17,368.5,17321.380859,1269.600,40.17,0.14948453608247422
2016-03-18,367.0,17481.490234,1254.500,39.47,0.17078189300411525
2016-03-21,369.5,17589.699219,1244.250,39.91,0.07506702412868632
2016-03-22,370.0,17602.710938,1251.800,41.45,0.115625
2016-03-23,368.5,17588.810547,1232.200,38.28,0.04221635883905013
2016-03-24,370.0,17485.330078,1216.450,38.14,0.057999999999999996
2016-03-29,373.0,17512.580078,1216.450,36.91,0.029339853300733493
2016-03-30,367.0,17652.359375,1238.200,36.91,0.142
